"Claas Harvester NO","","","","","","","","",""
"0002133040KR","0002133040KR ПОДШИПНИК ИГОЛЬЧАТЫЙ","","","","","","","",""
"0002163290KR","0002163290KR (LY2062FFB) Подшипник","","","","","","","",""
"0003599102N","0003599102N Кольцо подшипника","","","","","","","",""
"0003599123KR","0003599123KR ВТУЛКА ПОДШИПНИКА","","","","","","","",""
"0005198860N","0005198860N Щуп/Sensor","","","","","","","",""
"0005432210KR","0005432210KR Вал","","","","","","","",""
"0005545022N","0005545022N Труба","","","","","","","",""
"0006030160KR","0006030160KR Башмак","","","","","","","",""
"0006032710KR","0006032710KR ВТУЛКА ПОДШИПНИКА","","","","","","","",""
"0006262961KR","0006262961KR Палец угловой ALASKA","","","","","","","",""
"0006286010KR","0006286010KR ВТУЛКА СКОЛЬЖЕНИЯ","","","","","","","",""
"0006286020N","0006286020N Втулка скольжения","","","","","","","",""
"0006298650KR","0006298650KR ВТУЛКА СКОЛЬЖЕНИЯ","","","","","","","",""
"0006303510NRM","0006303510NRM Звёздочка верх. вала НК","","","","","","","",""
"0006306422KR","0006306422KR Планка транспортёра","","","","","","","",""
"0006349521N","0006349521N Втулка резиновая","","","","","","","",""
"0006424890KR","0006424890KR Колодка натяжная","","","","","","","",""
"0006445171KR","0006445171KR ВАЛ ПРОМЕЖУТОЧНЫЙ","","","","","","","",""
"0006477110KR","0006477110KR Перегородка","","","","","","","",""
"0006480683KR","0006480683KR Палец шнека 16x245","","","","","","","",""
"0006702640KR","0006702640KR ШПОНКА ПРИЗМАТИЧ.","","","","","","","",""
"0007465432N","0007465432N Ролик натяжной","","","","","","","",""
"0007511184N","0007511184N Шнек загрузочный","","","","","","","",""
"0007964490N","0007964490N Натяжник ремня/Belt tensioner","","","","","","","",""
"0007984990N","0007984990N Патрубок впускной","","","","","","","",""
